uid,s1_finding,s1_what,grammar,findings,impression,birads,overall,omission,omission_what,comment
R009,,,,,,,,,,
R023,,,,,,,,,,
R025,,,,,,,,,,
R003,,,,,,,,,,
R021,,,,,,,,,,
R038,,,,,,,,,,
R016,,,,,,,,,,
R039,,,,,,,,,,
R019,,,,,,,,,,
R011,,,,,,,,,,
R046,,,,,,,,,,
R024,,,,,,,,,,
R033,,,,,,,,,,
R029,,,,,,,,,,
R031,,,,,,,,,,
R043,,,,,,,,,,
R004,,,,,,,,,,
R028,,,,,,,,,,
R010,,,,,,,,,,
R026,,,,,,,,,,
R036,,,,,,,,,,
R000,,,,,,,,,,
R044,,,,,,,,,,
R018,,,,,,,,,,
R042,,,,,,,,,,
R050,,,,,,,,,,
R035,,,,,,,,,,
R048,,,,,,,,,,
R030,,,,,,,,,,
R020,,,,,,,,,,
R022,,,,,,,,,,
R012,,,,,,,,,,
R051,,,,,,,,,,
R032,,,,,,,,,,
R045,,,,,,,,,,
R013,,,,,,,,,,
R041,,,,,,,,,,
R049,,,,,,,,,,
R002,,,,,,,,,,
R027,,,,,,,,,,
R037,,,,,,,,,,
R005,,,,,,,,,,
R034,,,,,,,,,,
R006,,,,,,,,,,
R008,,,,,,,,,,
R014,,,,,,,,,,
R015,,,,,,,,,,
R017,,,,,,,,,,
R047,,,,,,,,,,
R001,,,,,,,,,,
R007,,,,,,,,,,
R040,,,,,,,,,,
